2026-10-02T10:49:38.164249+00:00,NVDA,230.86,233.27,233.61,233.60,219,456,233.39643454443056967461126228191228892613996
2026-10-02T10:49:38.164249+00:00,AAPL,330.32,330.28,330.55,330.51,41,228,333.27613693101149590892594153927807777352004
2026-10-02T10:49:38.164249+00:00,TSLA,354.11,357.25,357.02,357.01,135,408,356.30347331558642095086630021063999716804475
2026-10-02T10:49:38.164249+00:00,GOOGL,338.24,340.57,340.81,340.77,83,576,342.2228424820183594225349588458008000642343
2026-10-02T10:49:38.164249+00:00,MSTR,160.5,165.55,165.30,165.25,998,1193,164.6359912893830964636953205710656756620372
2026-10-02T10:49:38.164249+00:00,HOOD,111.15,112.95,113.16,113.13,137,395,111.725096830467408887029153252842679855493665
2026-10-02T10:49:38.164249+00:00,CRCL,82.91,85.01,84.89,84.85,358,775,85.096413661881815714497164189819690811349356
2026-10-02T10:49:38.164249+00:00,SPY,763.99,767.71,767.60,767.48,91,314,769.64349678412751976063013716525717908372432
2026-10-02T10:49:38.164249+00:00,QQQ,742.03,746.70,747.46,747.45,85,155,751.77825858894128547443954169415481693461603
2026-10-02T10:49:38.164249+00:00,GLD,382.76,382.58,383.38,383.07,24,47,382.82175178778623689474200631
2026-10-02T11:52:11.284671+00:00,NVDA,230.86,234.48,234.64,234.62,255,480,233.80032532632429441025489682
2026-10-02T11:52:11.284671+00:00,AAPL,330.32,331.40,331.17,331.13,47,230,334.1702963063806627056875468931787230455858
2026-10-02T11:52:11.284671+00:00,TSLA,354.11,356.49,356.26,356.24,145,417,355.75554937351091216958157651535570188469105
2026-10-02T11:52:11.284671+00:00,GOOGL,338.24,339.83,340.00,339.99,91,566,340.08262506765963302360296183357867709509239
2026-10-02T11:52:11.284671+00:00,MSTR,160.5,165.09,165.23,165.21,1011,1202,165.76636851934200648376319119755430557286568
2026-10-02T11:52:11.284671+00:00,HOOD,111.15,112.91,112.81,112.77,144,398,111.725096830467408887029153252842679855493665
2026-10-02T11:52:11.284671+00:00,CRCL,82.91,84.84,84.83,84.79,376,785,84.608273335050111735550432232
2026-10-02T11:52:11.284671+00:00,SPY,763.99,767.63,767.24,766.95,98,317,772.90922583427037378904585954124094971815025
2026-10-02T11:52:11.284671+00:00,QQQ,742.03,746.32,746.21,746.20,92,160,748.46120454772347088411444935136628289668088
2026-10-02T11:52:11.284671+00:00,GLD,382.76,382.84,383.30,383.00,27,50,382.48060846145003048866036321504990762905087
2026-10-02T12:54:44.389865+00:00,NVDA,230.86,235.76,235.80,235.77,286,494,235.49256781040955030764981498471785999088691
2026-10-02T12:54:44.389865+00:00,AAPL,330.32,331.88,332.21,332.13,51,209,334.65969524603423845298047935893745562903852
2026-10-02T12:54:44.389865+00:00,TSLA,354.11,356.89,357.12,357.11,175,444,357.76484194088025487524677869571983780342392
2026-10-02T12:54:44.389865+00:00,GOOGL,338.24,341.04,341.53,341.50,97,501,341.40480723960788176791634805369905043554272
2026-10-02T12:54:44.389865+00:00,MSTR,160.5,165.92,166.45,166.38,1064,1249,166.11964371987947505668796094149662133162931
2026-10-02T12:54:44.389865+00:00,HOOD,111.15,114.01,114.13,114.07,160,399,114.144754775778686840256674948892214583232718
2026-10-02T12:54:44.389865+00:00,CRCL,82.91,85.81,85.83,85.80,438,843,85.806538073206003147486068845059810415193984
2026-10-02T12:54:44.389865+00:00,SPY,763.99,770.54,771.00,770.70,119,332,773.01072245713213138542145093822958731980018
2026-10-02T12:54:44.389865+00:00,QQQ,742.03,750.59,750.87,750.86,107,172,751.48790213889208706209154910640251621680508
2026-10-02T12:54:44.389865+00:00,GLD,382.76,386.10,386.19,385.77,79,100,386.96517783200960606366853786054080058392472
2026-10-02T13:57:18.724503+00:00,NVDA,237.08,237.20,236.72,236.68,333,498,237.8360292481095984517617814735183274295836
2026-10-02T13:57:18.724503+00:00,AAPL,331.13,331.26,331.05,331.00,76,186,333.9565773576498704
2026-10-02T13:57:18.724503+00:00,TSLA,369.45,368.87,369.43,369.15,305,533,369.8344490052168074071945234649057720626083
2026-10-02T13:57:18.724503+00:00,GOOGL,343.37,343.61,343.94,343.79,142,445,344.29740371546956695595944338740848304359446
2026-10-02T13:57:18.724503+00:00,MSTR,166.74,166.52,166.48,166.26,1094,1208,166.42242317302933480091561587048833585967722
2026-10-02T13:57:18.724503+00:00,HOOD,114.95,114.86,114.88,114.79,305,483,114.782407813366889919336034175921313126859542
2026-10-02T13:57:18.724503+00:00,CRCL,84.75,85.07,85.26,85.23,587,915,84.878391869187243506468645044491879341221356
2026-10-02T13:57:18.724503+00:00,SPY,769.96,769.54,770.48,770.14,199,394,775.459313051293712654641238098176295386912
2026-10-02T13:57:18.724503+00:00,QQQ,751.77,750.63,751.81,751.75,121,175,754.8343837024841541259718982506408655557832
2026-10-02T13:57:18.724503+00:00,GLD,384.32,384.46,384.14,383.84,82,97,384.09198610949110950933833692066768675966572
2026-10-02T14:59:52.381682+00:00,NVDA,236.77,236.64,236.45,236.42,363,505,237.71695088979103461365925491409331012049871
2026-10-02T14:59:52.381682+00:00,AAPL,333.28,333.26,333.00,332.97,89,180,335.85541727198687443549834470870459560024
2026-10-02T14:59:52.381682+00:00,TSLA,372.11,371.42,371.74,371.60,351,521,371.5722626595352107
2026-10-02T14:59:52.381682+00:00,GOOGL,344.54,344.98,344.31,344.30,161,427,344.6442742536723731727167832
2026-10-02T14:59:52.381682+00:00,MSTR,161,160.90,161.05,160.99,1148,1243,161.273485626788777977692
2026-10-02T14:59:52.381682+00:00,HOOD,114.74,114.65,114.58,114.56,364,503,116.939299205985738648303715889
2026-10-02T14:59:52.381682+00:00,CRCL,83.57,83.54,83.53,83.48,674,973,83.80139286070415442100899538
2026-10-02T14:59:52.381682+00:00,SPY,770.96,771.50,770.86,770.48,216,320,775.02793670556327481988535912
2026-10-02T14:59:52.381682+00:00,QQQ,751.83,752.60,751.80,751.78,137,181,757.59600184946638453124841293
2026-10-02T14:59:52.381682+00:00,GLD,381.04,381.04,380.88,380.57,85,98,383.38127333898776119160115152
2026-10-03T10:09:28.817964+00:00,NVDA,233.95,234.40,234.40,234.35,56,481,234.00765347248122657547592076355477596686018
2026-10-03T10:09:28.817964+00:00,AAPL,333.69,333.44,333.53,333.49,13,107,333.40613834386157024928580008697445494188
2026-10-03T10:09:28.817964+00:00,TSLA,370.59,370.72,370.66,370.65,26,593,369.67634429340141187232602128890066005324908
2026-10-03T10:09:28.817964+00:00,GOOGL,343.5,343.32,343.32,343.29,38,376,343.67970235176387909821554398157646911655428
2026-10-03T10:09:28.817964+00:00,MSTR,160.01,161.05,161.06,161.04,185,950,160.79430478263823621627742052196622461088404
2026-10-03T10:09:28.817964+00:00,HOOD,112.74,113.17,113.16,113.14,39,514,112.735529901053203648717407362333387478926377
2026-10-03T10:09:28.817964+00:00,CRCL,81.25,82.01,82.10,82.07,168,912,82.022700948655789515802878273370181935153968
2026-10-03T10:09:28.817964+00:00,SPY,769.64,770.41,770.30,770.10,41,291,769.433206909214268529394216
2026-10-03T10:09:28.817964+00:00,QQQ,749.58,749.73,749.82,749.81,31,127,748.7505467891156181893489105194965093099988
2026-10-03T10:09:28.817964+00:00,GLD,380.14,379.73,379.86,379.56,5,122,378.25729670763778435219413669108891065163798
2026-10-03T11:12:03.750225+00:00,NVDA,233.95,234.53,234.53,234.52,134,548,235.5664014528095578325113472756945182379105
2026-10-03T11:12:03.750225+00:00,AAPL,333.69,333.30,333.32,333.27,24,111,333.50847604336680437118007151647356355271226
2026-10-03T11:12:03.750225+00:00,TSLA,370.59,370.94,370.97,370.96,30,579,370.29785842683752442268063990125062555819316
2026-10-03T11:12:03.750225+00:00,GOOGL,343.5,343.55,343.50,343.48,63,399,343.23337810263821552005949177555954335550976
2026-10-03T11:12:03.750225+00:00,MSTR,160.01,161.00,160.95,160.93,206,968,161.53157720855447787661081814
2026-10-03T11:12:03.750225+00:00,HOOD,112.74,113.08,113.10,113.09,45,518,112.734480730605518405420583455187099557576178
2026-10-03T11:12:03.750225+00:00,CRCL,81.25,82.10,82.15,82.11,169,892,82.098971389344761402034102950995935754745568
2026-10-03T11:12:03.750225+00:00,SPY,769.64,770.00,769.55,769.52,51,296,768.36463126809455686437541175
2026-10-03T11:12:03.750225+00:00,QQQ,749.58,749.67,749.69,749.66,32,122,754.1025801852878421762378558651504312239693
2026-10-03T11:12:03.750225+00:00,GLD,380.14,379.73,379.80,379.46,5,117,381.35351767641228131088428219426551737291324
2026-10-03T12:14:38.556934+00:00,NVDA,233.95,234.41,234.31,234.30,180,559,235.28916868023024012753003879277052537017704
2026-10-03T12:14:38.556934+00:00,AAPL,333.69,333.39,333.28,333.26,26,108,333.28600598175712007840744097258815900807352
2026-10-03T12:14:38.556934+00:00,TSLA,370.59,370.68,370.67,370.65,38,577,368.98382756906310978499532238
2026-10-03T12:14:38.556934+00:00,GOOGL,343.5,342.93,342.86,342.85,75,401,343.01776132408656240756893081144216601548808
2026-10-03T12:14:38.556934+00:00,MSTR,160.01,161.47,161.39,161.38,253,999,161.42626901108338959161057818497560881908058
2026-10-03T12:14:38.556934+00:00,HOOD,112.74,113.09,112.93,112.92,46,512,112.734480730605518405420583455187099557576178
2026-10-03T12:14:38.556934+00:00,CRCL,81.25,82.16,82.19,82.18,180,901,82.358773040100026194754844922560562107624912
2026-10-03T12:14:38.556934+00:00,SPY,769.64,769.37,769.46,769.45,59,299,775.28846494282470160810664442
2026-10-03T12:14:38.556934+00:00,QQQ,749.58,749.47,749.62,749.54,37,119,752.0906286206567786371067748
2026-10-03T12:14:38.556934+00:00,GLD,380.14,379.60,379.81,379.48,13,123,379.03573329793107163207359514068996203045828
2026-10-03T13:17:13.297666+00:00,NVDA,233.95,234.33,234.33,234.31,249,597,234.17899792055968617729428599836318918807286
2026-10-03T13:17:13.297666+00:00,AAPL,333.69,333.28,333.26,333.21,27,102,333.40181967744046871369093831947503007905903
2026-10-03T13:17:13.297666+00:00,TSLA,370.59,370.93,370.94,370.93,43,513,371.58426152974657491423752886068293025739068
2026-10-03T13:17:13.297666+00:00,GOOGL,343.5,343.19,343.19,343.16,95,403,343.68448011040151248824822635380214573006304
2026-10-03T13:17:13.297666+00:00,MSTR,160.01,162.04,162.04,162.03,305,992,162.40202432810866602316161988844093095499886
2026-10-03T13:17:13.297666+00:00,HOOD,112.74,112.91,112.87,112.86,47,490,113.183409409547495968094006759
2026-10-03T13:17:13.297666+00:00,CRCL,81.25,82.14,82.24,82.23,184,836,82.358531061681218574334997544505729761678435
2026-10-03T13:17:13.297666+00:00,SPY,769.64,769.76,769.76,769.75,64,267,771.884639828713494794560833578814914058929
2026-10-03T13:17:13.297666+00:00,QQQ,749.58,749.53,749.45,749.35,40,100,752.0906286206567786371067748
2026-10-03T13:17:13.297666+00:00,GLD,380.14,379.60,379.84,379.53,13,68,378.938903608805029081819102091959731907592
2026-10-03T14:19:48.267082+00:00,NVDA,233.95,234.43,234.44,234.43,268,554,235.39956706814151132216533623415609792082731
2026-10-03T14:19:48.267082+00:00,AAPL,333.69,333.28,333.22,333.20,27,71,333.4707225780432123296792980934508556420782
2026-10-03T14:19:48.267082+00:00,TSLA,370.59,370.93,370.93,370.91,45,400,371.50898498714342536201712077545891905277852
2026-10-03T14:19:48.267082+00:00,GOOGL,343.5,343.05,342.93,342.92,106,365,343.25751784683997731609137320638759114380943
2026-10-03T14:19:48.267082+00:00,MSTR,160.01,161.98,161.97,161.96,326,978,162.8230368074011533429115672
2026-10-03T14:19:48.267082+00:00,HOOD,112.74,112.91,112.86,112.85,55,341,113.183409409547495968094006759
2026-10-03T14:19:48.267082+00:00,CRCL,81.25,82.20,82.13,82.11,196,673,82.32050906313506230040614290648540135381948
2026-10-03T14:19:48.267082+00:00,SPY,769.64,770.26,770.26,770.16,86,220,776.38158357810398888198183017593827186401674
2026-10-03T14:19:48.267082+00:00,QQQ,749.58,749.68,749.68,749.65,41,87,752.0906286206567786371067748
2026-10-03T14:19:48.267082+00:00,GLD,380.14,379.60,379.65,379.34,13,68,380.30859685221777522734789864
